filename	sha256	git_blob	original_url
patch-gdk_wayland_gdkdevice-wayland.c	a9e8d34089b057ac1775b193b92ccf4a58b7963263a48096417acdab028b22bc	17742229133dcee140303e9ac13c7bd664b48c5a	https://raw.githubusercontent.com/NetBSD/pkgsrc/pkgsrc-2026Q2/x11/gtk3/patches/patch-gdk_wayland_gdkdevice-wayland.c
patch-gdk_x11_gdkscreen-x11.h	24b32a3ebb3a76282489ccd4ea1c16802c12d0718f7298d3a034e646ddd37b15	ba4a0d88e13df1acf83351467c3a62d467522d45	https://raw.githubusercontent.com/NetBSD/pkgsrc/pkgsrc-2026Q2/x11/gtk3/patches/patch-gdk_x11_gdkscreen-x11.h
patch-gdk_x11_gdkwindow-x11.h	9c33550cf7e589dc1706e12af47c4aa7e7b1805005b13261cda6acebee2ca2a9	e300e4d351c13e6d34fae28e48375e53b0125e74	https://raw.githubusercontent.com/NetBSD/pkgsrc/pkgsrc-2026Q2/x11/gtk3/patches/patch-gdk_x11_gdkwindow-x11.h
patch-gtk_a11y_gtkaccessibility.c	e79a694ca24235a96dbc5d9bef64e0cb735d393a71f2912d5363dc9e9189a150	138ccb296d625e77db6e37c754cea88946014e14	https://raw.githubusercontent.com/NetBSD/pkgsrc/pkgsrc-2026Q2/x11/gtk3/patches/patch-gtk_a11y_gtkaccessibility.c
patch-gtk_fallback-c89.c	41f240850a3138d1251122b32f83b6299740b96dec6ceff294c1e35b1bd33e10	cc4c35db257ce935ed24f6a9a5ea150344c635a2	https://raw.githubusercontent.com/NetBSD/pkgsrc/pkgsrc-2026Q2/x11/gtk3/patches/patch-gtk_fallback-c89.c
patch-gtk_gtkfontchooserwidget.c	33bd374c60796189929e479acace7abd454f11bcc9b60ef23febf1062681abe7	effde97844add45b0dcc5f6a6df83a282a9504fd	https://raw.githubusercontent.com/NetBSD/pkgsrc/pkgsrc-2026Q2/x11/gtk3/patches/patch-gtk_gtkfontchooserwidget.c
patch-gtk_gtklabel.c	f2ca4179163a022e1d3dac9af176b04cb15671207c6d701e097ea00d17453ded	8258154277bb22ae3a5f67de3539911d22c5cbce	https://raw.githubusercontent.com/NetBSD/pkgsrc/pkgsrc-2026Q2/x11/gtk3/patches/patch-gtk_gtklabel.c
patch-meson.build	1842844fef6869fadd1bb1219ff524d8e0603888a07cbe19cae93559928601de	130e6b4b77ad796e99a9eca67b0cb21f5a573cb0	https://raw.githubusercontent.com/NetBSD/pkgsrc/pkgsrc-2026Q2/x11/gtk3/patches/patch-meson.build
patch-meson_options.txt	17774b572fdea56c8e6360acf75f9d90cefb3771ef9487e6cac4db38e39298f7	db1634b92d482ac64d1687751ae37187baa1ca2c	https://raw.githubusercontent.com/NetBSD/pkgsrc/pkgsrc-2026Q2/x11/gtk3/patches/patch-meson_options.txt
patch-tests_gtkgears.c	b6f4159b74c3d57f6048f58379ec9d0f0acfdf11bd7098e02b7df5841a17ab25	3f8a9dabb0379b4b538708fdce3f7e7a8117f7d4	https://raw.githubusercontent.com/NetBSD/pkgsrc/pkgsrc-2026Q2/x11/gtk3/patches/patch-tests_gtkgears.c
