# kind	path	sha256
input	include/epoxy/egl.h	29c01316343c97b646e2b34b0ffc4b0be99d2586d0a69ab93dc37a3a8acfe5ce
output	include/epoxy/egl.h	2ac82ad1826d459603d999c8ecf8531cb64459cf201ae3492ad7d2cc4609f5fd
input	include/epoxy/gl.h	85e54fa79a3c2142077400df87fdcd33e437d74df92bce4e830239111beedaa0
output	include/epoxy/gl.h	d39cf6eacabfad1cbb3596a4a4e800ffc7fa4921f5429cffdbb9f6a686864580
input	include/epoxy/meson.build	6df974ee1ab45b8580eb4111a5b00ac28535646c17c9d5c34f964f03ef4b8869
output	include/epoxy/meson.build	790f78b505df6eef4411e95aa00b647c27f7d0145890818e364f62b17d5a3b46
input	meson.build	fd65cb3ac94480956191020a5f624ee4d1144b09b4adc2e422ad1c210f33fbb3
output	meson.build	f99087576cd33741e96f8fa204cee2a92baaebb1ec0bc956b06338417ad021ee
absent	registry/egl_angle_ext.xml	-
output	registry/egl_angle_ext.xml	d90d57ca8b01666b7c38dad6b235a1fc256ff03837d488ca09e522cbbf397ff3
absent	registry/gl_angle_ext.xml	-
output	registry/gl_angle_ext.xml	a6ee5b21945f384b28186f4540cc2bc3dd922d7448e0c176a4cab7ef8657ceab
input	src/dispatch_common.c	56b503e79f65ac674bd5b62ca58065f72a08e261347819cd2a186077d03ebaeb
output	src/dispatch_common.c	36d73cab2add83774f1ac16026f745c7d4bd43a902036fbc99f94e3c444f38a1
input	src/dispatch_common.h	9768c4270336c36dc53f1720c87eb66e78369c507a8d772fd640ae37b8e56105
output	src/dispatch_common.h	6fe322f6dab1eae7b9de74ea922329e0ca7294df53e06aee3f2022ee31803c2b
input	src/gen_dispatch.py	81668db93a601ca7b4250095a2480216f345f8a7610f481f6aa5cec239c0d253
output	src/gen_dispatch.py	7934d2c17ad0db90bac41eb41b59836db2d7789665a319f1e57d7f461320881b
input	src/meson.build	fd7fa65b45441fe4bd9e73ec44fbe8e380a4db8bb4a514f916bc766164cf878d
output	src/meson.build	6d84ddcaec3605dae6fe0f6c774c88789c5178cddec1fcc6f59118eebd9023d4
