libwnck	libwnck-43.3.tar.xz	6af8ac41a8f067ade1d3caaed254a83423b5f61ad3f7a460fcacbac2e192bdf7	https://download.gnome.org/sources/libwnck/43/libwnck-43.3.tar.xz
yaml	yaml-0.2.5.tar.gz	c642ae9b75fee120b2d96c712538bd2cf283228d2337df2cf2988e3c02678ef4	https://github.com/yaml/libyaml/releases/download/0.2.5/yaml-0.2.5.tar.gz
xfce4-dev-tools	xfce4-dev-tools-4.20.0.tar.bz2	1fba39a08a0ecc771eaa3a3b6e4272a4f0b9e7c67d0f66e780cd6090cd4466aa	https://archive.xfce.org/src/xfce/xfce4-dev-tools/4.20/xfce4-dev-tools-4.20.0.tar.bz2
libxfce4util	libxfce4util-4.20.1.tar.bz2	84bfc4daab9e466193540c3665eee42b2cf4d24e3f38fc3e8d1e0a2bebe3b8f1	https://archive.xfce.org/src/xfce/libxfce4util/4.20/libxfce4util-4.20.1.tar.bz2
xfconf	xfconf-4.20.0.tar.bz2	8bc43c60f1716b13cf35fc899e2a36ea9c6cdc3478a8f051220eef0f53567efd	https://archive.xfce.org/src/xfce/xfconf/4.20/xfconf-4.20.0.tar.bz2
libxfce4ui	libxfce4ui-4.20.2.tar.bz2	5d3d67b1244a10cee0e89b045766c05fe1035f7938f0410ac6a3d8222b5df907	https://archive.xfce.org/src/xfce/libxfce4ui/4.20/libxfce4ui-4.20.2.tar.bz2
libxfce4windowing	libxfce4windowing-4.20.7.tar.bz2	01320b279648ab5b13263f8d260bc5958be599e1eaac77c4503598dfcf96c8bb	https://archive.xfce.org/src/xfce/libxfce4windowing/4.20/libxfce4windowing-4.20.7.tar.bz2
exo	exo-4.20.0.tar.bz2	4277f799245f1efde01cd917fd538ba6b12cf91c9f8a73fe2035fd5456ec078d	https://archive.xfce.org/src/xfce/exo/4.20/exo-4.20.0.tar.bz2
garcon	garcon-4.20.0.tar.bz2	7fb8517c12309ca4ddf8b42c34bc0c315e38ea077b5442bfcc4509415feada8f	https://archive.xfce.org/src/xfce/garcon/4.20/garcon-4.20.0.tar.bz2
xfce4-panel	xfce4-panel-4.20.8.tar.bz2	d69cb1f377953aeb1fb9bdbcef12c246bea66586e3f2868f3b758e0e8ce3d3fe	https://archive.xfce.org/src/xfce/xfce4-panel/4.20/xfce4-panel-4.20.8.tar.bz2
thunar	thunar-4.20.10.tar.bz2	a5a32b51028dc821155e44cdec025fe70398bae193c619ae6ba8b1babf6f49f1	https://archive.xfce.org/src/xfce/thunar/4.20/thunar-4.20.10.tar.bz2
xfce4-settings	xfce4-settings-4.20.5.tar.bz2	a5fbe0e511cce29d603320ade575ad4001bd570e60f37760233237ba478affe8	https://archive.xfce.org/src/xfce/xfce4-settings/4.20/xfce4-settings-4.20.5.tar.bz2
xfdesktop	xfdesktop-4.20.2.tar.bz2	1d9bd76015fb6e9aca05e73cd998c7c66ed4fc8c10b626e08fc2eb7c39df3f7b	https://archive.xfce.org/src/xfce/xfdesktop/4.20/xfdesktop-4.20.2.tar.bz2
xfwm4	xfwm4-4.20.0.tar.bz2	a58b63e49397aa0d8d1dcf0636be93c8bb5926779aef5165e0852890190dcf06	https://archive.xfce.org/src/xfce/xfwm4/4.20/xfwm4-4.20.0.tar.bz2
xfce4-session	xfce4-session-4.20.4.tar.bz2	805c373378d080754d69dd2f20db95cdc066c89a4f024a41435ca0d66571c402	https://archive.xfce.org/src/xfce/xfce4-session/4.20/xfce4-session-4.20.4.tar.bz2
xfce4-appfinder	xfce4-appfinder-4.20.0.tar.bz2	82ca82f77dc83e285db45438c2fe31df445148aa986ffebf2faabee4af9e7304	https://archive.xfce.org/src/xfce/xfce4-appfinder/4.20/xfce4-appfinder-4.20.0.tar.bz2
mousepad	mousepad-0.7.0.tar.xz	e86c59feb08126d4cace368432c16b2dee8e519aaca8a9d2b409ae1cdd200802	https://archive.xfce.org/src/apps/mousepad/0.7/mousepad-0.7.0.tar.xz
