# recipe	archive	sha256	upstream_url
archivers/kf6-karchive	karchive-6.30.0.tar.xz	4cf89d91e429d2ece3110e78f7ef7011952b0412cb15011329516b46f21e98e2	https://download.kde.org/stable/frameworks/6.30/karchive-6.30.0.tar.xz
audio/qt6-qtspeech	qtspeech-everywhere-src-6.12.0.tar.xz	9a60ce5bee54a9343740feab2582bffb996812f43d6c5585aade26dbd04933db	https://download.qt.io/archive/qt/6.12/6.12.0/submodules/qtspeech-everywhere-src-6.12.0.tar.xz
comms/qt6-qtconnectivity	qtconnectivity-everywhere-src-6.12.0.tar.xz	ed51f7f02c1f437fcf8a42940c7a84f6c0908c0ec7a4f5a5304fe68f47521954	https://download.qt.io/archive/qt/6.12/6.12.0/submodules/qtconnectivity-everywhere-src-6.12.0.tar.xz
devel/extra-cmake-modules	extra-cmake-modules-6.30.0.tar.xz	22c9f7ff930dae7329faebf2942d2424f4a298c43bb3f11e217be6b12f227f6e	https://download.kde.org/stable/frameworks/6.30/extra-cmake-modules-6.30.0.tar.xz
devel/kf6-kbookmarks	kbookmarks-6.30.0.tar.xz	680120f09929d51da0a65e96a1f7d20ffbbdd2795a165719b0d07e00475e77c4	https://download.kde.org/stable/frameworks/6.30/kbookmarks-6.30.0.tar.xz
devel/kf6-kcmutils	kcmutils-6.30.0.tar.xz	0159f80d030ac250b0b353113a55c013ed7e38cb0b678df44d2f0d0b2aca944c	https://download.kde.org/stable/frameworks/6.30/kcmutils-6.30.0.tar.xz
devel/kf6-kcolorscheme	kcolorscheme-6.30.0.tar.xz	a4128e82e47cd474c777754c4dd8af28a00a57ecf388da1a62f8173d898890d0	https://download.kde.org/stable/frameworks/6.30/kcolorscheme-6.30.0.tar.xz
devel/kf6-kconfig	kconfig-6.30.0.tar.xz	0e98bac324cd716849202d4b246a948e363d6792a8eb09c78417cdde9559f56e	https://download.kde.org/stable/frameworks/6.30/kconfig-6.30.0.tar.xz
devel/kf6-kcoreaddons	kcoreaddons-6.30.0.tar.xz	cc68fe15beb0fca2036cff8742f468c1345406bf99793fffacbf8f2a3f89bc4b	https://download.kde.org/stable/frameworks/6.30/kcoreaddons-6.30.0.tar.xz
devel/kf6-kcrash	kcrash-6.30.0.tar.xz	b17f8242309e1502119c48b1ef5059a396a3068596a84fb79fdef6d9e2cd4f49	https://download.kde.org/stable/frameworks/6.30/kcrash-6.30.0.tar.xz
devel/kf6-kdeclarative	kdeclarative-6.30.0.tar.xz	7ec3583a2cf2cd7143e39936ffb39e22d20563f4c87a8462e0e9d12c59ea89a6	https://download.kde.org/stable/frameworks/6.30/kdeclarative-6.30.0.tar.xz
devel/kf6-kdoctools	kdoctools-6.30.0.tar.xz	b90b42ab222a3034729e517d0c06258abf6bdc28591ec78ad56f24aebbaaed94	https://download.kde.org/stable/frameworks/6.30/kdoctools-6.30.0.tar.xz
devel/kf6-ki18n	ki18n-6.30.0.tar.xz	dfbfc8af89b3bc68810b094bf87746db87c3eeb35b75caeb1882681ebed563bd	https://download.kde.org/stable/frameworks/6.30/ki18n-6.30.0.tar.xz
devel/kf6-kidletime	kidletime-6.30.0.tar.xz	22873204292ddb757e5a0a57004c57debe1285cd0fd4e796d07e9de2402e60c3	https://download.kde.org/stable/frameworks/6.30/kidletime-6.30.0.tar.xz
devel/kf6-kio	kio-6.30.0.tar.xz	c19cbd4878347b67a9e05ee6541083f51dd90f9e58ee245b4d7634e09f9c04b2	https://download.kde.org/stable/frameworks/6.30/kio-6.30.0.tar.xz
devel/kf6-kitemmodels	kitemmodels-6.30.0.tar.xz	f807e5b37aa913d2563ee1a21b2bce7d34495f32f38c7f35f16262d736bdfd55	https://download.kde.org/stable/frameworks/6.30/kitemmodels-6.30.0.tar.xz
devel/kf6-knotifications	knotifications-6.30.0.tar.xz	09ad50570b26aada0408bb9ccfaabf629c56ec89a9972c8b0e155ab780f577cf	https://download.kde.org/stable/frameworks/6.30/knotifications-6.30.0.tar.xz
devel/kf6-knotifyconfig	knotifyconfig-6.30.0.tar.xz	4a133decdb0d3731dbaa1d3625b30f057089e5c59c8326ff88a047cef35b2efb	https://download.kde.org/stable/frameworks/6.30/knotifyconfig-6.30.0.tar.xz
devel/kf6-kpackage	kpackage-6.30.0.tar.xz	58939af0c553f24963652e10d248e2f8f2b2ca2b87dc26d3220675ed0cf33019	https://download.kde.org/stable/frameworks/6.30/kpackage-6.30.0.tar.xz
devel/kf6-kparts	kparts-6.30.0.tar.xz	99f5a0e3a4da10e1a0fbfb505ae966cd87627f887dd07929a920afe41c862ac0	https://download.kde.org/stable/frameworks/6.30/kparts-6.30.0.tar.xz
devel/kf6-kpeople	kpeople-6.30.0.tar.xz	094868f11c8c46e57a077c2788a39c6ee0b0ebc2b64279c6f7c70a5152f518e7	https://download.kde.org/stable/frameworks/6.30/kpeople-6.30.0.tar.xz
devel/kf6-kpty	kpty-6.30.0.tar.xz	ad66149c20470de29d483f0ccdcb057d42ccf778f3f8cc8e68aefca5380bace7	https://download.kde.org/stable/frameworks/6.30/kpty-6.30.0.tar.xz
devel/kf6-krunner	krunner-6.30.0.tar.xz	0885d0936aec6dc8553c673f1c685013e345b933a52812a07c5bddd1eebdb551	https://download.kde.org/stable/frameworks/6.30/krunner-6.30.0.tar.xz
devel/kf6-kservice	kservice-6.30.0.tar.xz	e63062504ede4ebfda4c93e3484a63817731e1157cdcac6e33fb47fe6abc1657	https://download.kde.org/stable/frameworks/6.30/kservice-6.30.0.tar.xz
devel/kf6-ktexteditor	ktexteditor-6.30.0.tar.xz	d90f24e33a7aa0e6a179af253dfdeca0977992adb62bf1b6f7ad11537ab6e3e7	https://download.kde.org/stable/frameworks/6.30/ktexteditor-6.30.0.tar.xz
devel/kf6-purpose	purpose-6.30.0.tar.xz	4fda64d235927e3cc230416d5c9304f5d3e040dc2553b77b2c69bf54c6f04862	https://download.kde.org/stable/frameworks/6.30/purpose-6.30.0.tar.xz
devel/kf6-threadweaver	threadweaver-6.30.0.tar.xz	e5400968a41820393e76190ab5dbb276c09513263d1b185d64b40f82dcd9b457	https://download.kde.org/stable/frameworks/6.30/threadweaver-6.30.0.tar.xz
devel/qt6-qt5compat	qt5compat-everywhere-src-6.12.0.tar.xz	78cf1c283795312a7fa31c73eb7f7f556b48374adc484f10ad5a3c0bcb59264e	https://download.qt.io/archive/qt/6.12/6.12.0/submodules/qt5compat-everywhere-src-6.12.0.tar.xz
devel/qt6-qttools	qttools-everywhere-src-6.12.0.tar.xz	8dab8f3611496486a470ad5f115ceea584f36bc22a2b8b6f6ebdbafbb8160693	https://download.qt.io/archive/qt/6.12/6.12.0/submodules/qttools-everywhere-src-6.12.0.tar.xz
devel/qt6-qtwayland	qtwayland-everywhere-src-6.12.0.tar.xz	ae14d9bcf1bb3c300a3ab2e6a53f50284e5c6c966a4ac4cc5aedcb1bc74e4d02	https://download.qt.io/archive/qt/6.12/6.12.0/submodules/qtwayland-everywhere-src-6.12.0.tar.xz
geography/qt6-qtpositioning	qtpositioning-everywhere-src-6.12.0.tar.xz	b060d410fac7413b05a0e7938bbf3325f7ad08d7df14af3956270f0696e76763	https://download.qt.io/archive/qt/6.12/6.12.0/submodules/qtpositioning-everywhere-src-6.12.0.tar.xz
graphics/breeze-icons	breeze-icons-6.30.0.tar.xz	93866c19791838fc9757b305e010e23bb38cb5f201e4ecc96cc8ef5f1173ebe6	https://download.kde.org/stable/frameworks/6.30/breeze-icons-6.30.0.tar.xz
graphics/kf6-kiconthemes	kiconthemes-6.30.0.tar.xz	c0c684823d0e087f35168cd79f1053fd358bb8fb47b27996a11c7d7ee3da6f4d	https://download.kde.org/stable/frameworks/6.30/kiconthemes-6.30.0.tar.xz
graphics/kf6-kimageformats	kimageformats-6.30.0.tar.xz	f74ea9ede7877afb66f4d7dea567f074bf63d806a824c87a9d9067d05848a316	https://download.kde.org/stable/frameworks/6.30/kimageformats-6.30.0.tar.xz
graphics/kf6-kplotting	kplotting-6.30.0.tar.xz	f5a67be85c21665e052371301889443196b9de5b3927aff353a3d3e27730dd11	https://download.kde.org/stable/frameworks/6.30/kplotting-6.30.0.tar.xz
graphics/kf6-ksvg	ksvg-6.30.0.tar.xz	7b7aba4e9baa88bfb303977e139e8a105b5cd243443029ee773954307b51eb91	https://download.kde.org/stable/frameworks/6.30/ksvg-6.30.0.tar.xz
graphics/kf6-prison	prison-6.30.0.tar.xz	2cdb0a2689ab45b907c76c9a01c1dc14855b8e5329ad0a9cf65c1ad64e5fed1b	https://download.kde.org/stable/frameworks/6.30/prison-6.30.0.tar.xz
graphics/qt6-qtcharts	qtcharts-everywhere-src-6.12.0.tar.xz	dc5e0599455c78729248a1bb95824fe6a3420e860b8cabc5ac0c7a93c2062bfb	https://download.qt.io/archive/qt/6.12/6.12.0/submodules/qtcharts-everywhere-src-6.12.0.tar.xz
graphics/qt6-qtimageformats	qtimageformats-everywhere-src-6.12.0.tar.xz	0943132b5db8de6b6a7f1d162682173e8763c7ed94e80fd39113292845f67762	https://download.qt.io/archive/qt/6.12/6.12.0/submodules/qtimageformats-everywhere-src-6.12.0.tar.xz
graphics/qt6-qtquick3d	qtquick3d-everywhere-src-6.12.0.tar.xz	6ced6edbd25fb5a632fe770ae820b376bf50233e8d62002c79a69a505a2e429e	https://download.qt.io/archive/qt/6.12/6.12.0/submodules/qtquick3d-everywhere-src-6.12.0.tar.xz
graphics/qt6-qtquicktimeline	qtquicktimeline-everywhere-src-6.12.0.tar.xz	6919153c841478c113f0ad20526f40e606590968334762ec6ccbc96002f8da19	https://download.qt.io/archive/qt/6.12/6.12.0/submodules/qtquicktimeline-everywhere-src-6.12.0.tar.xz
graphics/qt6-qtshadertools	qtshadertools-everywhere-src-6.12.0.tar.xz	c7d84f436e1aaef39fdcadebf2bd71bdf24dc69497e13f2e0198873cbbfea2ab	https://download.qt.io/archive/qt/6.12/6.12.0/submodules/qtshadertools-everywhere-src-6.12.0.tar.xz
graphics/qt6-qtsvg	qtsvg-everywhere-src-6.12.0.tar.xz	e4ab39534ec97987b1b9b60ef7f4d3253d5912a69f8c713a01753174a4029331	https://download.qt.io/archive/qt/6.12/6.12.0/submodules/qtsvg-everywhere-src-6.12.0.tar.xz
inputmethod/qt6-qtvirtualkeyboard	qtvirtualkeyboard-everywhere-src-6.12.0.tar.xz	2aae3628f4648f86959d7853e7e1f50ee96a7f1bb5497afb62b7deff6c350170	https://download.qt.io/archive/qt/6.12/6.12.0/submodules/qtvirtualkeyboard-everywhere-src-6.12.0.tar.xz
lang/qt6-qtdeclarative	qtdeclarative-everywhere-src-6.12.0.tar.xz	311f3a2603e1973bb59baef9dfa740a376de713157d4782ee043681e889c9260	https://download.qt.io/archive/qt/6.12/6.12.0/submodules/qtdeclarative-everywhere-src-6.12.0.tar.xz
lang/qt6-qtlanguageserver	qtlanguageserver-everywhere-src-6.12.0.tar.xz	552119e37360c06c5fb0b54e91bbfdf8da5a80d2cb1441ef93e966eb3b7a426d	https://download.qt.io/archive/qt/6.12/6.12.0/submodules/qtlanguageserver-everywhere-src-6.12.0.tar.xz
mail/kf6-kmime	kmime-6.30.0.tar.xz	2969a5ef484e98f91bf78e88c98a9d613bdd3bb86ac154ceece0557b70f373bc	https://download.kde.org/stable/frameworks/6.30/kmime-6.30.0.tar.xz
misc/kf6-attica	attica-6.30.0.tar.xz	3eec8d2d9c77ad5f7cfd38e44e4b1492c5d0dec695b13f711c09f7d6187c276c	https://download.kde.org/stable/frameworks/6.30/attica-6.30.0.tar.xz
misc/kf6-kcontacts	kcontacts-6.30.0.tar.xz	170b51a41ac132968ea03d5f1ce8c585777155bbdc57e819a0562b1f8d03b7a5	https://download.kde.org/stable/frameworks/6.30/kcontacts-6.30.0.tar.xz
misc/kf6-kdav	kdav-6.30.0.tar.xz	08d95cf546c941dbe21a76fbc8b88a466f276ab29e866600994f4f60d604c7f4	https://download.kde.org/stable/frameworks/6.30/kdav-6.30.0.tar.xz
misc/kf6-kquickcharts	kquickcharts-6.30.0.tar.xz	9fe8c0c78ffd23ccfb99cc36477550a229c114ad057def938f38cdec35f82ab1	https://download.kde.org/stable/frameworks/6.30/kquickcharts-6.30.0.tar.xz
misc/kf6-kstatusnotifieritem	kstatusnotifieritem-6.30.0.tar.xz	373fb23fe6a5c0c5c755c473e7cf272796ea59891c05157c3a7e9607a4c4af4f	https://download.kde.org/stable/frameworks/6.30/kstatusnotifieritem-6.30.0.tar.xz
misc/kf6-kunitconversion	kunitconversion-6.30.0.tar.xz	3dcaa45875bab5a2dcadc34cf57cf06689b8d86ff40e20fee01ca2b18987175f	https://download.kde.org/stable/frameworks/6.30/kunitconversion-6.30.0.tar.xz
misc/kf6-kuserfeedback	kuserfeedback-6.30.0.tar.xz	c8a463c8e570f6d532cbe150732220575c6385df97c91399b6c84450691771ca	https://download.kde.org/stable/frameworks/6.30/kuserfeedback-6.30.0.tar.xz
misc/qt6-qtsensors	qtsensors-everywhere-src-6.12.0.tar.xz	861df58be8808cef777a1b531d7bec804d25733ec34e8ebbdafbe27040319090	https://download.qt.io/archive/qt/6.12/6.12.0/submodules/qtsensors-everywhere-src-6.12.0.tar.xz
multimedia/qt6-qtmultimedia	qtmultimedia-everywhere-src-6.12.0.tar.xz	3143f53b64257ba2a0685c940f5dce476c75871ff86b516de45cfd54ea93a62d	https://download.qt.io/archive/qt/6.12/6.12.0/submodules/qtmultimedia-everywhere-src-6.12.0.tar.xz
net/kf6-kdnssd	kdnssd-6.30.0.tar.xz	6d59a98f58c66842d29fd7a00e07e0f74e375061aabdfb4c52bbe3140c278225	https://download.kde.org/stable/frameworks/6.30/kdnssd-6.30.0.tar.xz
net/kf6-knewstuff	knewstuff-6.30.0.tar.xz	85408768b5c3f4b0b51ee6a14ae73fea263f451404e266e286c55e0c17e44037	https://download.kde.org/stable/frameworks/6.30/knewstuff-6.30.0.tar.xz
net/qt6-qtwebsockets	qtwebsockets-everywhere-src-6.12.0.tar.xz	21690a365cd5fbfa8dea051473e98968df9f4eca0121fed7481d1215b7455a31	https://download.qt.io/archive/qt/6.12/6.12.0/submodules/qtwebsockets-everywhere-src-6.12.0.tar.xz
security/kf6-kauth	kauth-6.30.0.tar.xz	60b75e02abc2bfbb247c586e3ab94def7ecd7b4e1ddb8260358951d84d9ea8c9	https://download.kde.org/stable/frameworks/6.30/kauth-6.30.0.tar.xz
security/kf6-kdesu	kdesu-6.30.0.tar.xz	9bf244884b09ce38ad84d00e5879e798b02e1610ec8f3d9ee6c93e7502b356e2	https://download.kde.org/stable/frameworks/6.30/kdesu-6.30.0.tar.xz
security/kf6-kwallet	kwallet-6.30.0.tar.xz	93cb9c1df2630807c04bf8c30312e75ae3bb466c77dd9b29bb2c752e71d34a26	https://download.kde.org/stable/frameworks/6.30/kwallet-6.30.0.tar.xz
security/qt6-qtnetworkauth	qtnetworkauth-everywhere-src-6.12.0.tar.xz	17d47be1a724d21775daa873ac7a52c30fd5c4935ba377af48d9b37b39765ed8	https://download.qt.io/archive/qt/6.12/6.12.0/submodules/qtnetworkauth-everywhere-src-6.12.0.tar.xz
sysutils/kf6-baloo	baloo-6.30.0.tar.xz	a59d33a919bfa1d164c8f3a6f992c609edaf2131ac5f52ea4ecb77f6fbc53be1	https://download.kde.org/stable/frameworks/6.30/baloo-6.30.0.tar.xz
sysutils/kf6-kdbusaddons	kdbusaddons-6.30.0.tar.xz	063ef80460f76d86dc4b033ef04b65b69ba82ee0de410440fe609465e7f5a997	https://download.kde.org/stable/frameworks/6.30/kdbusaddons-6.30.0.tar.xz
sysutils/kf6-kfilemetadata	kfilemetadata-6.30.0.tar.xz	5e14cd8e395e927042cb3eb7cff47e0effda5e8bf2520cf18d1082a9403b2e62	https://download.kde.org/stable/frameworks/6.30/kfilemetadata-6.30.0.tar.xz
sysutils/kf6-solid	solid-6.30.0.tar.xz	bdbfdc9f26b87e12b951097825af2956f2dee3f14c701d780277b69701f2c74e	https://download.kde.org/stable/frameworks/6.30/solid-6.30.0.tar.xz
textproc/kf6-kcodecs	kcodecs-6.30.0.tar.xz	a42c79ff3237b73789d1c63cdfd848c0d59671ce5e93723a2efa128f00cb3450	https://download.kde.org/stable/frameworks/6.30/kcodecs-6.30.0.tar.xz
textproc/kf6-kcompletion	kcompletion-6.30.0.tar.xz	96ad9c429ca53b830359c45614ca4c32ed6b759f3023f1b3db1650ba1c19bd58	https://download.kde.org/stable/frameworks/6.30/kcompletion-6.30.0.tar.xz
textproc/kf6-ktexttemplate	ktexttemplate-6.30.0.tar.xz	c3c229944d25294102e4e8a5b49fa0c0f481da9d33f8bec3782e8a53afd47493	https://download.kde.org/stable/frameworks/6.30/ktexttemplate-6.30.0.tar.xz
textproc/kf6-sonnet	sonnet-6.30.0.tar.xz	1574ef5c17f38e315de104b94580ccc1b7ec1db2650cb4bace2e14159bf61e10	https://download.kde.org/stable/frameworks/6.30/sonnet-6.30.0.tar.xz
textproc/kf6-syntax-highlighting	syntax-highlighting-6.30.0.tar.xz	fc429b093058bec4878306cbbfb3aa0560ff4a3f166c69504036c507fe72afcc	https://download.kde.org/stable/frameworks/6.30/syntax-highlighting-6.30.0.tar.xz
time/kf6-kcalendarcore	kcalendarcore-6.30.0.tar.xz	e8bf60e398e2f8098a4db7db44c5475d70540ad8f8948a123c8bc109dc4db776	https://download.kde.org/stable/frameworks/6.30/kcalendarcore-6.30.0.tar.xz
time/kf6-kholidays	kholidays-6.30.0.tar.xz	02bfbc33296fe86b364491f6d5cad9d83360bb4fdd2923386a325b309eac0b9b	https://download.kde.org/stable/frameworks/6.30/kholidays-6.30.0.tar.xz
www/kf6-syndication	syndication-6.30.0.tar.xz	2d44e45b05766d342d3fe19e92d2b039c916a7a83f9e4dff0f9fa15860e140ee	https://download.kde.org/stable/frameworks/6.30/syndication-6.30.0.tar.xz
x11/kf6-frameworkintegration	frameworkintegration-6.30.0.tar.xz	817c49b2f6abbfe624e32f9a21ffcac7edf6e0486a0883050a1441e2fef3c932	https://download.kde.org/stable/frameworks/6.30/frameworkintegration-6.30.0.tar.xz
x11/kf6-kconfigwidgets	kconfigwidgets-6.30.0.tar.xz	6efd9fc7786a7e979b32904aeadf1d2d8e69a5da110f8ebd45f95ec02de41f77	https://download.kde.org/stable/frameworks/6.30/kconfigwidgets-6.30.0.tar.xz
x11/kf6-kded	kded-6.30.0.tar.xz	0adf6e22300cee74d57e790b5db844f03a1366a4d6315edbaa49174b12bf1861	https://download.kde.org/stable/frameworks/6.30/kded-6.30.0.tar.xz
x11/kf6-kglobalaccel	kglobalaccel-6.30.0.tar.xz	e532ebd4cbfc8d6d79c6c38c556f1871315fedae8db2b69b574b9c496f171473	https://download.kde.org/stable/frameworks/6.30/kglobalaccel-6.30.0.tar.xz
x11/kf6-kguiaddons	kguiaddons-6.30.0.tar.xz	e98864228d1c5e23f3428025eb9928697374fdc3eddebb3a9dec570de028a62d	https://download.kde.org/stable/frameworks/6.30/kguiaddons-6.30.0.tar.xz
x11/kf6-kirigami	kirigami-6.30.0.tar.xz	6de811e559c20dc1086c0cf2c34bb98712dbe4d45f960c62c3c3f887332c95f8	https://download.kde.org/stable/frameworks/6.30/kirigami-6.30.0.tar.xz
x11/kf6-kitemviews	kitemviews-6.30.0.tar.xz	9452f2b0cc5dd0214b88c4ce33297866be89af4177af14f5390cfb616e49c153	https://download.kde.org/stable/frameworks/6.30/kitemviews-6.30.0.tar.xz
x11/kf6-kjobwidgets	kjobwidgets-6.30.0.tar.xz	bf36e3619df1c6ad3d900bd36433d97ab295be41c1cc401ff0e766380788bbae	https://download.kde.org/stable/frameworks/6.30/kjobwidgets-6.30.0.tar.xz
x11/kf6-ktextwidgets	ktextwidgets-6.30.0.tar.xz	b06b11bb727bf9c3578797b1e40daad5f48e10433e456a337f1c40b4082879c8	https://download.kde.org/stable/frameworks/6.30/ktextwidgets-6.30.0.tar.xz
x11/kf6-kwidgetsaddons	kwidgetsaddons-6.30.0.tar.xz	ab1333c258678caa7562120a1c03bb71779f7232f1a0e75b9525d921dee3e0a3	https://download.kde.org/stable/frameworks/6.30/kwidgetsaddons-6.30.0.tar.xz
x11/kf6-kwindowsystem	kwindowsystem-6.30.0.tar.xz	639a501b877446b19905399d27e2be2b6ebb0bb481abe3209dc4d535a12e12ca	https://download.kde.org/stable/frameworks/6.30/kwindowsystem-6.30.0.tar.xz
x11/kf6-kxmlgui	kxmlgui-6.30.0.tar.xz	10fb8a0f7b874248ff60d9a8ee4e1f06a0efcf01b0d34d7635dfff86e848c352	https://download.kde.org/stable/frameworks/6.30/kxmlgui-6.30.0.tar.xz
x11/kf6-qqc2-desktop-style	qqc2-desktop-style-6.30.0.tar.xz	74c6402fa697a76254e1c68ebd86136be49e03fad86482e86a27e5478f662c41	https://download.kde.org/stable/frameworks/6.30/qqc2-desktop-style-6.30.0.tar.xz
x11/qt6-qtbase	qtbase-everywhere-src-6.12.0.tar.xz	a951bd163c7b80fc6b8c88d7668fb56abf91c152373e13c10666763238131307	https://download.qt.io/archive/qt/6.12/6.12.0/submodules/qtbase-everywhere-src-6.12.0.tar.xz
x11/qt6-qtserialport	qtserialport-everywhere-src-6.12.0.tar.xz	ba8886a54eee466e57c9fa1341255cc09c462c84baab3ee7b19d67cdbcbd71c3	https://download.qt.io/archive/qt/6.12/6.12.0/submodules/qtserialport-everywhere-src-6.12.0.tar.xz
x11/qt6-qttranslations	qttranslations-everywhere-src-6.12.0.tar.xz	85929c0c30d6f273f23bd879bb69803ea17b010ab73cab2f8abf95357f6f6bbb	https://download.qt.io/archive/qt/6.12/6.12.0/submodules/qttranslations-everywhere-src-6.12.0.tar.xz
