# Recipe	Archive	SHA256	Upstream URL
graphics/MesaLib	mesa-26.2.4.tar.xz	bce5f7fbebb934373b86c999a064d52fb5065878dc57f287f95346648ec832e9	https://archive.mesa3d.org/mesa-26.2.4.tar.xz
x11/libdrm	libdrm-2.4.134.tar.xz	ac5e74d157830eb8bee44c6a6bf3ad49774ef0dd2a72bdad74a8f20308b52a95	https://dri.freedesktop.org/libdrm/libdrm-2.4.134.tar.xz
devel/wayland	wayland-1.26.0.tar.xz	64176eaa46e4969903e286f8e5ef8331affc17fdf03ac9b58381d2b23162b7a3	https://gitlab.freedesktop.org/wayland/wayland/-/releases/1.26.0/downloads/wayland-1.26.0.tar.xz
devel/wayland-protocols	wayland-protocols-1.49.tar.xz	ec4c8f74942d6dff7ace8b4ce4764f0ef9ff618a935d974ea77edee2ad240b14	https://gitlab.freedesktop.org/wayland/wayland-protocols/-/releases/1.49/downloads/wayland-protocols-1.49.tar.xz
x11/xorgproto	xorgproto-2026.1.tar.xz	f9bfe4a9ed8c8ab9d2a3b0d49797f046052dadd06b7a8b45dbffaffb137e8290	https://xorg.freedesktop.org/archive/individual/proto/xorgproto-2026.1.tar.xz
devel/libudev-bsd	libudev-bsd-0.7.0.1.tar.gz	c4a8c30781438a76720f77876ca362b7a5ecd41d15cd603d52097c2cb10425f0	https://github.com/kikadf/libudev-bsd/archive/v0.7.0.1.tar.gz
wayland/wlroots	wlroots-0.20.2.tar.gz	972c7ac44b17828f4702bfae7cd8347346a3fb5b2c1076cfa2c3fcedac5ec343	https://gitlab.freedesktop.org/wlroots/wlroots/-/archive/0.20.2/wlroots-0.20.2.tar.gz
x11/xkeyboard-config	xkeyboard-config-2.48.tar.xz	b77041324f0109f77161ee43743fe04baa485866af8460d31e476ad3f7648fd5	https://xorg.freedesktop.org/archive/individual/data/xkeyboard-config/xkeyboard-config-2.48.tar.xz
devel/input-headers	libopeninput-1.31.3-10995219206280da0f1a3ba124abe4c8ef89e021.tar.gz	fbba09ed60a9a411b9ae7ee5c92daf069a3b4926ad052ac8cbcfb7c3ff82abbf	https://github.com/sizeofvoid/libopeninput/archive/10995219206280da0f1a3ba124abe4c8ef89e021.tar.gz
x11/libxkbcommon	xkbcommon-1.13.2.tar.gz	acc4d5f7c3cbba5f9f8d08d8bdbeede84ecede46792f47929aa9321873385528	https://github.com/xkbcommon/libxkbcommon/archive/xkbcommon-1.13.2.tar.gz
